"Calendar year","6-monthly","Cause of injury = traffic","First Nations status","Category Type","Category Value","Hospitalisations","Bed days excluding died in hospitals within 30 days"
2011,"Jan-Jun","Traffic","First Nations people","Age group","0-7",283,"1680"
2011,"Jan-Jun","Traffic","First Nations people","Age group","8-16",78,"644"
2011,"Jan-Jun","Traffic","First Nations people","Age group","17-25",57,"182"
2011,"Jan-Jun","Traffic","First Nations people","Age group","26-39",115,"914"
2011,"Jan-Jun","Traffic","First Nations people","Age group","40-64",0,"0"
2011,"Jan-Jun","Traffic","First Nations people","Age group","65+",0,"0"
2011,"Jan-Jun","Traffic","First Nations people","Age group","0-7",19,"83"
2011,"Jan-Jun","Traffic","Non-Indigenous","Age group","8-16",7531,"33855"
2011,"Jan-Jun","Traffic","Non-Indigenous","Age group","17-25",3524,"18615"
2011,"Jan-Jun","Traffic","Non-Indigenous","Age group","26-39",2629,"7404"
2011,"Jan-Jun","Traffic","Non-Indigenous","Age group","40-64",1270,"9859"
2011,"Jan-Jun","Traffic","Non-Indigenous","Age group","65+",0,"0"
2011,"Jan-Jun","Traffic","Non-Indigenous","Age group","0-7",0,"0"
2011,"Jan-Jun","Traffic","Non-Indigenous","Age group","8-16",117,"405"
2011,"Jan-Jun","Traffic","Non-Indigenous","Age group","17-25",235,"1039"
2011,"Jul-Dec","Traffic","First Nations people","Age group","26-39",334,"1757"
2011,"Jul-Dec","Traffic","First Nations people","Age group","40-64",109,"373"
2011,"Jul-Dec","Traffic","First Nations people","Age group","65+",64,"208"
2011,"Jul-Dec","Traffic","First Nations people","Age group","0-7",65,"471"
2011,"Jul-Dec","Traffic","First Nations people","Age group","8-16",11,"21"
2011,"Jul-Dec","Traffic","First Nations people","Age group","17-25",0,"0"
2011,"Jul-Dec","Traffic","First Nations people","Age group","26-39",0,"0"
2011,"Jul-Dec","Traffic","First Nations people","Age group","40-64",15,"73"
2011,"Jul-Dec","Traffic","Non-Indigenous","Age group","65+",8066,"34345"
2012,"Jul-Dec","Traffic","Non-Indigenous","Age group","0-7",3661,"16870"
2012,"Jul-Dec","Traffic","Non-Indigenous","Age group","8-16",2545,"6974"
2012,"Jul-Dec","Traffic","Non-Indigenous","Age group","17-25",1252,"9264"
2012,"Jul-Dec","Traffic","Non-Indigenous","Age group","26-39",287,"1429"
2012,"Jul-Dec","Traffic","Non-Indigenous","Age group","40-64",0,"0"
2012,"Jul-Dec","Traffic","Non-Indigenous","Age group","65+",0,"0"
2012,"Jul-Dec","Traffic","Non-Indigenous","Age group","0-7",324,"1426"
2012,"Jan-Jun","Traffic","First Nations people","Age group","8-16",356,"1837"
2012,"Jan-Jun","Traffic","First Nations people","Age group","17-25",84,"475"
2012,"Jan-Jun","Traffic","First Nations people","Age group","26-39",78,"190"
2012,"Jan-Jun","Traffic","First Nations people","Age group","40-64",114,"1013"
2012,"Jan-Jun","Traffic","First Nations people","Age group","65+",0,"0"
2012,"Jan-Jun","Traffic","First Nations people","Age group","0-7",0,"0"
2012,"Jan-Jun","Traffic","First Nations people","Age group","8-16",0,"0"
2012,"Jan-Jun","Traffic","First Nations people","Age group","17-25",8,"48"
2012,"Jan-Jun","Traffic","Non-Indigenous","Age group","26-39",7806,"33029"
2012,"Jan-Jun","Traffic","Non-Indigenous","Age group","40-64",3664,"17404"
2012,"Jan-Jun","Traffic","Non-Indigenous","Age group","65+",2747,"7104"
2012,"Jan-Jun","Traffic","Non-Indigenous","Age group","0-7",1206,"8081"
2012,"Jan-Jun","Traffic","Non-Indigenous","Age group","8-16",0,"0"
2012,"Jan-Jun","Traffic","Non-Indigenous","Age group","17-25",0,"0"
2012,"Jan-Jun","Traffic","Non-Indigenous","Age group","26-39",0,"0"
2012,"Jan-Jun","Traffic","Non-Indigenous","Age group","40-64",231,"1105"
2012,"Jul-Dec","Traffic","First Nations people","Age group","65+",402,"1938"
2013,"Jul-Dec","Traffic","First Nations people","Age group","0-7",134,"555"
2013,"Jul-Dec","Traffic","First Nations people","Age group","8-16",74,"171"
2013,"Jul-Dec","Traffic","First Nations people","Age group","17-25",105,"847"
2013,"Jul-Dec","Traffic","First Nations people","Age group","26-39",5,"37"
2013,"Jul-Dec","Traffic","First Nations people","Age group","40-64",9,"32"
2013,"Jul-Dec","Traffic","First Nations people","Age group","65+",5,"9"
2013,"Jul-Dec","Traffic","First Nations people","Age group","0-7",22,"35"
2013,"Jul-Dec","Traffic","Non-Indigenous","Age group","8-16",7444,"33385"
2013,"Jul-Dec","Traffic","Non-Indigenous","Age group","17-25",3684,"18180"
2013,"Jul-Dec","Traffic","Non-Indigenous","Age group","26-39",2632,"8000"
2013,"Jul-Dec","Traffic","Non-Indigenous","Age group","40-64",1184,"8657"
2013,"Jul-Dec","Traffic","Non-Indigenous","Age group","65+",251,"1169"
2013,"Jul-Dec","Traffic","Non-Indigenous","Age group","0-7",129,"630"
2013,"Jul-Dec","Traffic","Non-Indigenous","Age group","8-16",111,"491"
2013,"Jul-Dec","Traffic","Non-Indigenous","Age group","17-25",258,"1172"
2013,"Jan-Jun","Traffic","First Nations people","Age group","26-39",354,"1794"
2013,"Jan-Jun","Traffic","First Nations people","Age group","40-64",126,"804"
2013,"Jan-Jun","Traffic","First Nations people","Age group","65+",92,"210"
2013,"Jan-Jun","Traffic","First Nations people","Age group","0-7",90,"799"
2013,"Jan-Jun","Traffic","First Nations people","Age group","8-16",0,"0"
2013,"Jan-Jun","Traffic","First Nations people","Age group","17-25",6,"19"
2013,"Jan-Jun","Traffic","First Nations people","Age group","26-39",0,"0"
2013,"Jan-Jun","Traffic","First Nations people","Age group","40-64",13,"32"
2013,"Jan-Jun","Traffic","Non-Indigenous","Age group","65+",7495,"29638"
2014,"Jan-Jun","Traffic","Non-Indigenous","Age group","0-7",3655,"17235"
2014,"Jan-Jun","Traffic","Non-Indigenous","Age group","8-16",3020,"8615"
2014,"Jan-Jun","Traffic","Non-Indigenous","Age group","17-25",1170,"7487"
2014,"Jan-Jun","Traffic","Non-Indigenous","Age group","26-39",0,"0"
2014,"Jan-Jun","Traffic","Non-Indigenous","Age group","40-64",113,"662"
2014,"Jan-Jun","Traffic","Non-Indigenous","Age group","65+",0,"0"
2014,"Jan-Jun","Traffic","Non-Indigenous","Age group","0-7",238,"976"
2014,"Jul-Dec","Traffic","First Nations people","Age group","8-16",401,"2154"
2014,"Jul-Dec","Traffic","First Nations people","Age group","17-25",141,"762"
2014,"Jul-Dec","Traffic","First Nations people","Age group","26-39",81,"171"
2014,"Jul-Dec","Traffic","First Nations people","Age group","40-64",76,"697"
2014,"Jul-Dec","Traffic","First Nations people","Age group","65+",10,"29"
2014,"Jul-Dec","Traffic","First Nations people","Age group","0-7",0,"0"
2014,"Jul-Dec","Traffic","First Nations people","Age group","8-16",0,"0"
2014,"Jul-Dec","Traffic","First Nations people","Age group","17-25",12,"62"
2014,"Jul-Dec","Traffic","Non-Indigenous","Age group","26-39",7944,"29950"
2014,"Jul-Dec","Traffic","Non-Indigenous","Age group","40-64",3962,"17868"
2014,"Jul-Dec","Traffic","Non-Indigenous","Age group","65+",2965,"7929"
2014,"Jul-Dec","Traffic","Non-Indigenous","Age group","0-7",1239,"8720"
2014,"Jul-Dec","Traffic","Non-Indigenous","Age group","8-16",243,"1150"
2014,"Jul-Dec","Traffic","Non-Indigenous","Age group","17-25",0,"0"
2014,"Jul-Dec","Traffic","Non-Indigenous","Age group","26-39",0,"0"
2014,"Jul-Dec","Traffic","Non-Indigenous","Age group","40-64",266,"1401"
2014,"Jan-Jun","Traffic","First Nations people","Age group","65+",374,"1893"
2015,"Jan-Jun","Traffic","First Nations people","Age group","0-7",137,"662"
2015,"Jan-Jun","Traffic","First Nations people","Age group","8-16",95,"322"
2015,"Jan-Jun","Traffic","First Nations people","Age group","17-25",87,"744"
2015,"Jan-Jun","Traffic","First Nations people","Age group","26-39",8,"80"
2015,"Jan-Jun","Traffic","First Nations people","Age group","40-64",0,"0"
2015,"Jan-Jun","Traffic","First Nations people","Age group","65+",0,"0"
2015,"Jan-Jun","Traffic","First Nations people","Age group","0-7",22,"37"
2015,"Jan-Jun","Traffic","Non-Indigenous","Age group","8-16",7524,"29267"
2015,"Jan-Jun","Traffic","Non-Indigenous","Age group","17-25",3950,"16669"
2015,"Jan-Jun","Traffic","Non-Indigenous","Age group","26-39",3272,"8859"
2015,"Jan-Jun","Traffic","Non-Indigenous","Age group","40-64",1136,"8175"
2015,"Jan-Jun","Traffic","Non-Indigenous","Age group","65+",213,"1167"
2015,"Jan-Jun","Traffic","Non-Indigenous","Age group","0-7",0,"0"
2015,"Jan-Jun","Traffic","Non-Indigenous","Age group","8-16",0,"0"
2015,"Jan-Jun","Traffic","Non-Indigenous","Age group","17-25",219,"1009"
2015,"Jul-Dec","Traffic","First Nations people","Age group","26-39",385,"2217"
2015,"Jul-Dec","Traffic","First Nations people","Age group","40-64",117,"589"
2015,"Jul-Dec","Traffic","First Nations people","Age group","65+",82,"256"
2015,"Jul-Dec","Traffic","First Nations people","Age group","0-7",109,"745"
2015,"Jul-Dec","Traffic","First Nations people","Age group","8-16",7,"88"
2015,"Jul-Dec","Traffic","First Nations people","Age group","17-25",0,"0"
2015,"Jul-Dec","Traffic","First Nations people","Age group","26-39",0,"0"
2015,"Jul-Dec","Traffic","First Nations people","Age group","40-64",16,"36"
2015,"Jul-Dec","Traffic","Non-Indigenous","Age group","65+",7839,"29583"
2016,"Jul-Dec","Traffic","Non-Indigenous","Age group","0-7",3969,"17490"
2016,"Jul-Dec","Traffic","Non-Indigenous","Age group","8-16",3082,"7654"
2016,"Jul-Dec","Traffic","Non-Indigenous","Age group","17-25",1180,"7792"
2016,"Jul-Dec","Traffic","Non-Indigenous","Age group","26-39",236,"1190"
2016,"Jul-Dec","Traffic","Non-Indigenous","Age group","40-64",0,"0"
2016,"Jul-Dec","Traffic","Non-Indigenous","Age group","65+",0,"0"
2016,"Jul-Dec","Traffic","Non-Indigenous","Age group","0-7",239,"741"
2016,"Jan-Jun","Traffic","First Nations people","Age group","8-16",392,"1611"
2016,"Jan-Jun","Traffic","First Nations people","Age group","17-25",129,"462"
2016,"Jan-Jun","Traffic","First Nations people","Age group","26-39",87,"220"
2016,"Jan-Jun","Traffic","First Nations people","Age group","40-64",115,"663"
2016,"Jan-Jun","Traffic","First Nations people","Age group","65+",6,"51"
2016,"Jan-Jun","Traffic","First Nations people","Age group","0-7",0,"0"
2016,"Jan-Jun","Traffic","First Nations people","Age group","8-16",0,"0"
2016,"Jan-Jun","Traffic","First Nations people","Age group","17-25",11,"63"
2016,"Jan-Jun","Traffic","Non-Indigenous","Age group","26-39",8189,"31164"
2016,"Jan-Jun","Traffic","Non-Indigenous","Age group","40-64",3935,"16755"
2016,"Jan-Jun","Traffic","Non-Indigenous","Age group","65+",3349,"8079"
2016,"Jan-Jun","Traffic","Non-Indigenous","Age group","0-7",1155,"6242"
2016,"Jan-Jun","Traffic","Non-Indigenous","Age group","8-16",228,"1039"
2016,"Jan-Jun","Traffic","Non-Indigenous","Age group","17-25",0,"0"
2016,"Jan-Jun","Traffic","Non-Indigenous","Age group","26-39",0,"0"
2016,"Jan-Jun","Traffic","Non-Indigenous","Age group","40-64",203,"922"
2016,"Jul-Dec","Traffic","First Nations people","Age group","65+",491,"2393"
2017,"Jul-Dec","Traffic","First Nations people","Age group","0-7",144,"828"
2017,"Jul-Dec","Traffic","First Nations people","Age group","8-16",90,"204"
2017,"Jul-Dec","Traffic","First Nations people","Age group","17-25",91,"838"
2017,"Jul-Dec","Traffic","First Nations people","Age group","26-39",9,"44"
2017,"Jul-Dec","Traffic","First Nations people","Age group","40-64",6,"38"
2017,"Jul-Dec","Traffic","First Nations people","Age group","65+",6,"78"
2017,"Jul-Dec","Traffic","First Nations people","Age group","0-7",17,"94"
2017,"Jul-Dec","Traffic","Non-Indigenous","Age group","8-16",8503,"50416"
2017,"Jul-Dec","Traffic","Non-Indigenous","Age group","17-25",3920,"25566"
2017,"Jul-Dec","Traffic","Non-Indigenous","Age group","26-39",3086,"9934"
2017,"Jul-Dec","Traffic","Non-Indigenous","Age group","40-64",1223,"14306"
2017,"Jul-Dec","Traffic","Non-Indigenous","Age group","65+",251,"1728"
2017,"Jul-Dec","Traffic","Non-Indigenous","Age group","0-7",107,"784"
2017,"Jul-Dec","Traffic","Non-Indigenous","Age group","8-16",129,"703"
2017,"Jul-Dec","Traffic","Non-Indigenous","Age group","17-25",261,"1426"
2017,"Jan-Jun","Traffic","First Nations people","Age group","26-39",434,"2596"
2017,"Jan-Jun","Traffic","First Nations people","Age group","40-64",147,"589"
2017,"Jan-Jun","Traffic","First Nations people","Age group","65+",107,"209"
2017,"Jan-Jun","Traffic","First Nations people","Age group","0-7",90,"670"
2017,"Jan-Jun","Traffic","First Nations people","Age group","8-16",6,"15"
2017,"Jan-Jun","Traffic","First Nations people","Age group","17-25",0,"0"
2017,"Jan-Jun","Traffic","First Nations people","Age group","26-39",0,"0"
2017,"Jan-Jun","Traffic","First Nations people","Age group","40-64",13,"95"
2017,"Jan-Jun","Traffic","Non-Indigenous","Age group","65+",8700,"46124"
2018,"Jan-Jun","Traffic","Non-Indigenous","Age group","0-7",4138,"26094"
2018,"Jan-Jun","Traffic","Non-Indigenous","Age group","8-16",3546,"11666"
2018,"Jan-Jun","Traffic","Non-Indigenous","Age group","17-25",1228,"12848"
2018,"Jan-Jun","Traffic","Non-Indigenous","Age group","26-39",205,"1416"
2018,"Jan-Jun","Traffic","Non-Indigenous","Age group","40-64",0,"0"
2018,"Jan-Jun","Traffic","Non-Indigenous","Age group","65+",0,"0"
2018,"Jan-Jun","Traffic","Non-Indigenous","Age group","0-7",281,"1802"
2018,"Jul-Dec","Traffic","First Nations people","Age group","8-16",494,"2530"
2018,"Jul-Dec","Traffic","First Nations people","Age group","17-25",149,"916"
2018,"Jul-Dec","Traffic","First Nations people","Age group","26-39",83,"180"
2018,"Jul-Dec","Traffic","First Nations people","Age group","40-64",100,"1023"
2018,"Jul-Dec","Traffic","First Nations people","Age group","65+",8,"36"
2018,"Jul-Dec","Traffic","First Nations people","Age group","0-7",5,"7"
2018,"Jul-Dec","Traffic","First Nations people","Age group","8-16",9,"23"
2018,"Jul-Dec","Traffic","First Nations people","Age group","17-25",12,"37"
2018,"Jul-Dec","Traffic","Non-Indigenous","Age group","26-39",9172,"48680"
2018,"Jul-Dec","Traffic","Non-Indigenous","Age group","40-64",3973,"24890"
2018,"Jul-Dec","Traffic","Non-Indigenous","Age group","65+",3067,"8310"
2018,"Jul-Dec","Traffic","Non-Indigenous","Age group","0-7",1286,"15177"
2018,"Jul-Dec","Traffic","Non-Indigenous","Age group","8-16",247,"2306"
2018,"Jul-Dec","Traffic","Non-Indigenous","Age group","17-25",152,"1536"
2018,"Jul-Dec","Traffic","Non-Indigenous","Age group","26-39",130,"844"
2018,"Jul-Dec","Traffic","Non-Indigenous","Age group","40-64",294,"1813"
2018,"Jan-Jun","Traffic","First Nations people","Age group","65+",434,"2100"
2019,"Jan-Jun","Traffic","First Nations people","Age group","0-7",167,"1087"
2019,"Jan-Jun","Traffic","First Nations people","Age group","8-16",101,"217"
2019,"Jan-Jun","Traffic","First Nations people","Age group","17-25",100,"780"
2019,"Jan-Jun","Traffic","First Nations people","Age group","26-39",8,"50"
2019,"Jan-Jun","Traffic","First Nations people","Age group","40-64",0,"0"
2019,"Jan-Jun","Traffic","First Nations people","Age group","65+",0,"0"
2019,"Jan-Jun","Traffic","First Nations people","Age group","0-7",13,"25"
2019,"Jan-Jun","Traffic","Non-Indigenous","Age group","8-16",8801,"44599"
2019,"Jan-Jun","Traffic","Non-Indigenous","Age group","17-25",4287,"25835"
2019,"Jan-Jun","Traffic","Non-Indigenous","Age group","26-39",3505,"10310"
2019,"Jan-Jun","Traffic","Non-Indigenous","Age group","40-64",1228,"13247"
2019,"Jan-Jun","Traffic","Non-Indigenous","Age group","65+",250,"1155"
2019,"Jan-Jun","Traffic","Non-Indigenous","Age group","0-7",0,"0"
2019,"Jan-Jun","Traffic","Non-Indigenous","Age group","8-16",0,"0"
2019,"Jan-Jun","Traffic","Non-Indigenous","Age group","17-25",284,"1756"
2019,"Jul-Dec","Traffic","First Nations people","Age group","26-39",504,"2276"
2019,"Jul-Dec","Traffic","First Nations people","Age group","40-64",152,"719"
2019,"Jul-Dec","Traffic","First Nations people","Age group","65+",100,"235"
2019,"Jul-Dec","Traffic","First Nations people","Age group","0-7",109,"1121"
2019,"Jul-Dec","Traffic","First Nations people","Age group","8-16",7,"20"
2019,"Jul-Dec","Traffic","First Nations people","Age group","17-25",0,"0"
2019,"Jul-Dec","Traffic","First Nations people","Age group","26-39",0,"0"
2019,"Jul-Dec","Traffic","First Nations people","Age group","40-64",22,"122"
2019,"Jul-Dec","Traffic","Non-Indigenous","Age group","65+",9100,"43707"
2020,"Jul-Dec","Traffic","Non-Indigenous","Age group","0-7",4031,"24385"
2020,"Jul-Dec","Traffic","Non-Indigenous","Age group","8-16",3277,"10537"
2020,"Jul-Dec","Traffic","Non-Indigenous","Age group","17-25",1237,"15403"
2020,"Jul-Dec","Traffic","Non-Indigenous","Age group","26-39",250,"1832"
2020,"Jul-Dec","Traffic","Non-Indigenous","Age group","40-64",0,"0"
2020,"Jul-Dec","Traffic","Non-Indigenous","Age group","65+",0,"0"
2020,"Jul-Dec","Traffic","Non-Indigenous","Age group","0-7",270,"1997"
2020,"Jan-Jun","Traffic","First Nations people","Age group","8-16",505,"2530"
2020,"Jan-Jun","Traffic","First Nations people","Age group","17-25",160,"750"
2020,"Jan-Jun","Traffic","First Nations people","Age group","26-39",99,"177"
2020,"Jan-Jun","Traffic","First Nations people","Age group","40-64",96,"539"
2020,"Jan-Jun","Traffic","First Nations people","Age group","65+",8,"30"
2020,"Jan-Jun","Traffic","First Nations people","Age group","0-7",0,"0"
2020,"Jan-Jun","Traffic","First Nations people","Age group","8-16",0,"0"
2020,"Jan-Jun","Traffic","First Nations people","Age group","17-25",20,"184"
2020,"Jan-Jun","Traffic","Non-Indigenous","Age group","26-39",8983,"43241"
2020,"Jan-Jun","Traffic","Non-Indigenous","Age group","40-64",4140,"26106"
2020,"Jan-Jun","Traffic","Non-Indigenous","Age group","65+",3522,"10604"
2020,"Jan-Jun","Traffic","Non-Indigenous","Age group","0-7",1237,"10726"
2020,"Jan-Jun","Traffic","Non-Indigenous","Age group","8-16",265,"1223"
2020,"Jan-Jun","Traffic","Non-Indigenous","Age group","17-25",0,"0"
2020,"Jan-Jun","Traffic","Non-Indigenous","Age group","26-39",0,"0"
2020,"Jan-Jun","Traffic","Non-Indigenous","Age group","40-64",277,"1606"
2020,"Jul-Dec","Traffic","First Nations people","Age group","65+",608,"3799"
2021,"Jul-Dec","Traffic","First Nations people","Age group","0-7",173,"762"
2021,"Jul-Dec","Traffic","First Nations people","Age group","8-16",100,"287"
2021,"Jul-Dec","Traffic","First Nations people","Age group","17-25",113,"589"
2021,"Jul-Dec","Traffic","First Nations people","Age group","26-39",12,"37"
2021,"Jul-Dec","Traffic","First Nations people","Age group","40-64",7,"25"
2021,"Jul-Dec","Traffic","First Nations people","Age group","65+",6,"61"
2021,"Jul-Dec","Traffic","First Nations people","Age group","0-7",17,"382"
2021,"Jul-Dec","Traffic","Non-Indigenous","Age group","8-16",9354,"45945"
2021,"Jul-Dec","Traffic","Non-Indigenous","Age group","17-25",4060,"22538"
2021,"Jul-Dec","Traffic","Non-Indigenous","Age group","26-39",3154,"9167"
2021,"Jul-Dec","Traffic","Non-Indigenous","Age group","40-64",1175,"13639"
2021,"Jul-Dec","Traffic","Non-Indigenous","Age group","65+",259,"2253"
2021,"Jul-Dec","Traffic","Non-Indigenous","Age group","0-7",114,"1017"
2021,"Jul-Dec","Traffic","Non-Indigenous","Age group","8-16",128,"791"
2021,"Jul-Dec","Traffic","Non-Indigenous","Age group","17-25",274,"2076"
2021,"Jan-Jun","Traffic","First Nations people","Age group","26-39",477,"2115"
2021,"Jan-Jun","Traffic","First Nations people","Age group","40-64",167,"945"
2021,"Jan-Jun","Traffic","First Nations people","Age group","65+",112,"370"
2021,"Jan-Jun","Traffic","First Nations people","Age group","0-7",120,"796"
2021,"Jan-Jun","Traffic","First Nations people","Age group","8-16",0,"0"
2021,"Jan-Jun","Traffic","First Nations people","Age group","17-25",6,"9"
2021,"Jan-Jun","Traffic","First Nations people","Age group","26-39",0,"0"
2021,"Jan-Jun","Traffic","First Nations people","Age group","40-64",10,"47"
2021,"Jan-Jun","Traffic","Non-Indigenous","Age group","65+",8895,"41859"
2011,"Jan-Jun","Traffic","First Nations people","Road user","Car driver, passenger or unknown position",46,"208"
2011,"Jan-Jun","Traffic","First Nations people","Road user","Motorcyclist",91,"529"
2011,"Jan-Jun","Traffic","First Nations people","Road user","Pedal cyclist",173,"1123"
2011,"Jan-Jun","Traffic","First Nations people","Road user","Pedestrian",127,"772"
2011,"Jan-Jun","Traffic","First Nations people","Road user","Heavy transport driver, passenger or unknown position",109,"789"
2011,"Jan-Jun","Traffic","First Nations people","Road user","Pick-up truck or van occupant",13,"198"
2011,"Jan-Jun","Traffic","Non-Indigenous","Road user","Other or unknown",305,"917"
2011,"Jan-Jun","Traffic","Non-Indigenous","Road user","Car driver, passenger or unknown position",1173,"4045"
2011,"Jan-Jun","Traffic","Non-Indigenous","Road user","Motorcyclist",3674,"14573"
2011,"Jan-Jun","Traffic","Non-Indigenous","Road user","Pedal cyclist",3762,"15729"
2011,"Jan-Jun","Traffic","Non-Indigenous","Road user","Pedestrian",4930,"23094"
2011,"Jan-Jun","Traffic","Non-Indigenous","Road user","Heavy transport driver, passenger or unknown position",1800,"14169"
2011,"Jul-Dec","Traffic","First Nations people","Road user","Pick-up truck or van occupant",46,"107"
2011,"Jul-Dec","Traffic","First Nations people","Road user","Bus occupant",113,"561"
2011,"Jul-Dec","Traffic","First Nations people","Road user","Other or unknown",162,"898"
2011,"Jul-Dec","Traffic","First Nations people","Road user","Car driver, passenger or unknown position",159,"861"
2011,"Jul-Dec","Traffic","First Nations people","Road user","Motorcyclist",117,"453"
2011,"Jul-Dec","Traffic","First Nations people","Road user","Pedal cyclist",11,"60"
2011,"Jul-Dec","Traffic","Non-Indigenous","Road user","Pedestrian",309,"989"
2011,"Jul-Dec","Traffic","Non-Indigenous","Road user","Heavy transport driver, passenger or unknown position",1104,"3399"
2011,"Jul-Dec","Traffic","Non-Indigenous","Road user","Pick-up truck or van occupant",3872,"13609"
2011,"Jul-Dec","Traffic","Non-Indigenous","Road user","Bus occupant",3897,"15443"
2011,"Jul-Dec","Traffic","Non-Indigenous","Road user","Other or unknown",5236,"24985"
2011,"Jul-Dec","Traffic","Non-Indigenous","Road user","Car driver, passenger or unknown position",1935,"12994"
2012,"Jan-Jun","Traffic","First Nations people","Road user","Motorcyclist",35,"153"
2012,"Jan-Jun","Traffic","First Nations people","Road user","Pedal cyclist",114,"514"
2012,"Jan-Jun","Traffic","First Nations people","Road user","Pedestrian",165,"1092"
2012,"Jan-Jun","Traffic","First Nations people","Road user","Heavy transport driver, passenger or unknown position",181,"890"
2012,"Jan-Jun","Traffic","First Nations people","Road user","Pick-up truck or van occupant",144,"820"
2012,"Jan-Jun","Traffic","First Nations people","Road user","Bus occupant",9,"129"
2012,"Jan-Jun","Traffic","Non-Indigenous","Road user","Other or unknown",324,"1103"
2012,"Jan-Jun","Traffic","Non-Indigenous","Road user","Car driver, passenger or unknown position",1039,"3128"
2012,"Jan-Jun","Traffic","Non-Indigenous","Road user","Motorcyclist",3821,"13369"
2012,"Jan-Jun","Traffic","Non-Indigenous","Road user","Pedal cyclist",3908,"14949"
2012,"Jan-Jun","Traffic","Non-Indigenous","Road user","Pedestrian",5086,"23176"
2012,"Jan-Jun","Traffic","Non-Indigenous","Road user","Heavy transport driver, passenger or unknown position",1919,"13197"
2012,"Jul-Dec","Traffic","First Nations people","Road user","Pick-up truck or van occupant",46,"137"
2012,"Jul-Dec","Traffic","First Nations people","Road user","Bus occupant",115,"259"
2012,"Jul-Dec","Traffic","First Nations people","Road user","Other or unknown",220,"1175"
2012,"Jul-Dec","Traffic","First Nations people","Road user","Car driver, passenger or unknown position",191,"1064"
2012,"Jul-Dec","Traffic","First Nations people","Road user","Motorcyclist",171,"949"
2012,"Jul-Dec","Traffic","First Nations people","Road user","Pedal cyclist",13,"40"
2012,"Jul-Dec","Traffic","Non-Indigenous","Road user","Pedestrian",329,"1337"
2012,"Jul-Dec","Traffic","Non-Indigenous","Road user","Heavy transport driver, passenger or unknown position",1026,"3787"
2012,"Jul-Dec","Traffic","Non-Indigenous","Road user","Pick-up truck or van occupant",3638,"13314"
2012,"Jul-Dec","Traffic","Non-Indigenous","Road user","Bus occupant",3762,"15049"
2012,"Jul-Dec","Traffic","Non-Indigenous","Road user","Other or unknown",4995,"24018"
2012,"Jul-Dec","Traffic","Non-Indigenous","Road user","Car driver, passenger or unknown position",1943,"14179"
2013,"Jan-Jun","Traffic","First Nations people","Road user","Motorcyclist",38,"139"
2013,"Jan-Jun","Traffic","First Nations people","Road user","Pedal cyclist",122,"395"
2013,"Jan-Jun","Traffic","First Nations people","Road user","Pedestrian",223,"1278"
2013,"Jan-Jun","Traffic","First Nations people","Road user","Heavy transport driver, passenger or unknown position",173,"1015"
2013,"Jan-Jun","Traffic","First Nations people","Road user","Pick-up truck or van occupant",118,"813"
2013,"Jan-Jun","Traffic","First Nations people","Road user","Bus occupant",9,"23"
2013,"Jan-Jun","Traffic","Non-Indigenous","Road user","Other or unknown",296,"745"
2013,"Jan-Jun","Traffic","Non-Indigenous","Road user","Car driver, passenger or unknown position",1008,"2865"
2013,"Jan-Jun","Traffic","Non-Indigenous","Road user","Motorcyclist",3544,"12586"
2013,"Jan-Jun","Traffic","Non-Indigenous","Road user","Pedal cyclist",3874,"14041"
2013,"Jan-Jun","Traffic","Non-Indigenous","Road user","Pedestrian",5275,"22414"
2013,"Jan-Jun","Traffic","Non-Indigenous","Road user","Heavy transport driver, passenger or unknown position",2020,"13778"
2013,"Jul-Dec","Traffic","First Nations people","Road user","Pick-up truck or van occupant",40,"169"
2013,"Jul-Dec","Traffic","First Nations people","Road user","Bus occupant",120,"764"
2013,"Jul-Dec","Traffic","First Nations people","Road user","Other or unknown",199,"875"
2013,"Jul-Dec","Traffic","First Nations people","Road user","Car driver, passenger or unknown position",193,"1033"
2013,"Jul-Dec","Traffic","First Nations people","Road user","Motorcyclist",161,"996"
2013,"Jul-Dec","Traffic","First Nations people","Road user","Pedal cyclist",18,"72"
2013,"Jul-Dec","Traffic","Non-Indigenous","Road user","Pedestrian",351,"857"
2013,"Jul-Dec","Traffic","Non-Indigenous","Road user","Heavy transport driver, passenger or unknown position",1103,"2981"
2013,"Jul-Dec","Traffic","Non-Indigenous","Road user","Pick-up truck or van occupant",3707,"12319"
2013,"Jul-Dec","Traffic","Non-Indigenous","Road user","Bus occupant",4055,"13631"
2013,"Jul-Dec","Traffic","Non-Indigenous","Road user","Other or unknown",5545,"24337"
2013,"Jul-Dec","Traffic","Non-Indigenous","Road user","Car driver, passenger or unknown position",2061,"13923"
2014,"Jan-Jun","Traffic","First Nations people","Road user","Motorcyclist",49,"144"
2014,"Jan-Jun","Traffic","First Nations people","Road user","Pedal cyclist",112,"545"
2014,"Jan-Jun","Traffic","First Nations people","Road user","Pedestrian",204,"807"
2014,"Jan-Jun","Traffic","First Nations people","Road user","Heavy transport driver, passenger or unknown position",199,"986"
2014,"Jan-Jun","Traffic","First Nations people","Road user","Pick-up truck or van occupant",150,"1213"
2014,"Jan-Jun","Traffic","First Nations people","Road user","Bus occupant",14,"67"
2014,"Jan-Jun","Traffic","Non-Indigenous","Road user","Other or unknown",315,"749"
2014,"Jan-Jun","Traffic","Non-Indigenous","Road user","Car driver, passenger or unknown position",959,"2578"
2014,"Jan-Jun","Traffic","Non-Indigenous","Road user","Motorcyclist",3548,"11763"
2014,"Jan-Jun","Traffic","Non-Indigenous","Road user","Pedal cyclist",4070,"13718"
2014,"Jan-Jun","Traffic","Non-Indigenous","Road user","Pedestrian",5558,"23354"
2014,"Jan-Jun","Traffic","Non-Indigenous","Road user","Heavy transport driver, passenger or unknown position",2128,"14355"
2014,"Jul-Dec","Traffic","First Nations people","Road user","Pick-up truck or van occupant",0,"0"
2014,"Jul-Dec","Traffic","First Nations people","Road user","Bus occupant",108,"534"
2014,"Jul-Dec","Traffic","First Nations people","Road user","Other or unknown",218,"964"
2014,"Jul-Dec","Traffic","First Nations people","Road user","Car driver, passenger or unknown position",189,"904"
2014,"Jul-Dec","Traffic","First Nations people","Road user","Motorcyclist",164,"1323"
2014,"Jul-Dec","Traffic","First Nations people","Road user","Pedal cyclist",0,"0"
2014,"Jul-Dec","Traffic","Non-Indigenous","Road user","Pedestrian",0,"0"
2014,"Jul-Dec","Traffic","Non-Indigenous","Road user","Heavy transport driver, passenger or unknown position",1021,"2210"
2014,"Jul-Dec","Traffic","Non-Indigenous","Road user","Pick-up truck or van occupant",3602,"10868"
2014,"Jul-Dec","Traffic","Non-Indigenous","Road user","Bus occupant",4037,"13826"
2014,"Jul-Dec","Traffic","Non-Indigenous","Road user","Other or unknown",5547,"22968"
2014,"Jul-Dec","Traffic","Non-Indigenous","Road user","Car driver, passenger or unknown position",0,"0"
2015,"Jan-Jun","Traffic","First Nations people","Road user","Motorcyclist",42,"111"
2015,"Jan-Jun","Traffic","First Nations people","Road user","Pedal cyclist",140,"390"
2015,"Jan-Jun","Traffic","First Nations people","Road user","Pedestrian",167,"586"
2015,"Jan-Jun","Traffic","First Nations people","Road user","Heavy transport driver, passenger or unknown position",195,"764"
2015,"Jan-Jun","Traffic","First Nations people","Road user","Pick-up truck or van occupant",183,"1109"
2015,"Jan-Jun","Traffic","First Nations people","Road user","Bus occupant",19,"127"
2015,"Jan-Jun","Traffic","Non-Indigenous","Road user","Other or unknown",314,"935"
2015,"Jan-Jun","Traffic","Non-Indigenous","Road user","Car driver, passenger or unknown position",1066,"2736"
2015,"Jan-Jun","Traffic","Non-Indigenous","Road user","Motorcyclist",3669,"11721"
2015,"Jan-Jun","Traffic","Non-Indigenous","Road user","Pedal cyclist",4084,"12965"
2015,"Jan-Jun","Traffic","Non-Indigenous","Road user","Pedestrian",5873,"22865"
2015,"Jan-Jun","Traffic","Non-Indigenous","Road user","Heavy transport driver, passenger or unknown position",2287,"14122"
2015,"Jul-Dec","Traffic","First Nations people","Road user","Pick-up truck or van occupant",37,"136"
2015,"Jul-Dec","Traffic","First Nations people","Road user","Bus occupant",99,"404"
2015,"Jul-Dec","Traffic","First Nations people","Road user","Other or unknown",253,"974"
2015,"Jul-Dec","Traffic","First Nations people","Road user","Car driver, passenger or unknown position",254,"1553"
2015,"Jul-Dec","Traffic","First Nations people","Road user","Motorcyclist",189,"1228"
2015,"Jul-Dec","Traffic","First Nations people","Road user","Pedal cyclist",22,"222"
2015,"Jul-Dec","Traffic","Non-Indigenous","Road user","Pedestrian",340,"1343"
2015,"Jul-Dec","Traffic","Non-Indigenous","Road user","Heavy transport driver, passenger or unknown position",1110,"3270"
2015,"Jul-Dec","Traffic","Non-Indigenous","Road user","Pick-up truck or van occupant",3647,"16262"
2015,"Jul-Dec","Traffic","Non-Indigenous","Road user","Bus occupant",4285,"22283"
2015,"Jul-Dec","Traffic","Non-Indigenous","Road user","Other or unknown",5714,"36121"
2015,"Jul-Dec","Traffic","Non-Indigenous","Road user","Car driver, passenger or unknown position",2384,"25584"
2016,"Jan-Jun","Traffic","First Nations people","Road user","Motorcyclist",42,"100"
2016,"Jan-Jun","Traffic","First Nations people","Road user","Pedal cyclist",142,"457"
2016,"Jan-Jun","Traffic","First Nations people","Road user","Pedestrian",239,"841"
2016,"Jan-Jun","Traffic","First Nations people","Road user","Heavy transport driver, passenger or unknown position",201,"895"
2016,"Jan-Jun","Traffic","First Nations people","Road user","Pick-up truck or van occupant",173,"1689"
2016,"Jan-Jun","Traffic","First Nations people","Road user","Bus occupant",12,"238"
2016,"Jan-Jun","Traffic","Non-Indigenous","Road user","Other or unknown",314,"1017"
2016,"Jan-Jun","Traffic","Non-Indigenous","Road user","Car driver, passenger or unknown position",1155,"2935"
2016,"Jan-Jun","Traffic","Non-Indigenous","Road user","Motorcyclist",3949,"16911"
2016,"Jan-Jun","Traffic","Non-Indigenous","Road user","Pedal cyclist",4426,"20803"
2016,"Jan-Jun","Traffic","Non-Indigenous","Road user","Pedestrian",6049,"35337"
2016,"Jan-Jun","Traffic","Non-Indigenous","Road user","Heavy transport driver, passenger or unknown position",2470,"24534"
2016,"Jul-Dec","Traffic","First Nations people","Road user","Pick-up truck or van occupant",47,"136"
2016,"Jul-Dec","Traffic","First Nations people","Road user","Bus occupant",112,"361"
2016,"Jul-Dec","Traffic","First Nations people","Road user","Other or unknown",262,"962"
2016,"Jul-Dec","Traffic","First Nations people","Road user","Car driver, passenger or unknown position",221,"1681"
2016,"Jul-Dec","Traffic","First Nations people","Road user","Motorcyclist",201,"1529"
2016,"Jul-Dec","Traffic","First Nations people","Road user","Pedal cyclist",17,"83"
2016,"Jul-Dec","Traffic","Non-Indigenous","Road user","Pedestrian",320,"937"
2016,"Jul-Dec","Traffic","Non-Indigenous","Road user","Heavy transport driver, passenger or unknown position",1045,"2545"
2016,"Jul-Dec","Traffic","Non-Indigenous","Road user","Pick-up truck or van occupant",3890,"17347"
2016,"Jul-Dec","Traffic","Non-Indigenous","Road user","Bus occupant",4471,"21130"
2016,"Jul-Dec","Traffic","Non-Indigenous","Road user","Other or unknown",6108,"36272"
2016,"Jul-Dec","Traffic","Non-Indigenous","Road user","Car driver, passenger or unknown position",2487,"25325"
2017,"Jan-Jun","Traffic","First Nations people","Road user","Motorcyclist",37,"72"
2017,"Jan-Jun","Traffic","First Nations people","Road user","Pedal cyclist",125,"333"
2017,"Jan-Jun","Traffic","First Nations people","Road user","Pedestrian",236,"790"
2017,"Jan-Jun","Traffic","First Nations people","Road user","Heavy transport driver, passenger or unknown position",228,"1623"
2017,"Jan-Jun","Traffic","First Nations people","Road user","Pick-up truck or van occupant",191,"1340"
2017,"Jan-Jun","Traffic","First Nations people","Road user","Bus occupant",15,"133"
2017,"Jan-Jun","Traffic","Non-Indigenous","Road user","Other or unknown",314,"634"
2017,"Jan-Jun","Traffic","Non-Indigenous","Road user","Car driver, passenger or unknown position",1097,"3558"
2017,"Jan-Jun","Traffic","Non-Indigenous","Road user","Motorcyclist",3850,"15329"
2017,"Jan-Jun","Traffic","Non-Indigenous","Road user","Pedal cyclist",4619,"20462"
2017,"Jan-Jun","Traffic","Non-Indigenous","Road user","Pedestrian",6255,"35477"
2017,"Jan-Jun","Traffic","Non-Indigenous","Road user","Heavy transport driver, passenger or unknown position",2470,"23090"
2017,"Jul-Dec","Traffic","First Nations people","Road user","Pick-up truck or van occupant",44,"152"
2017,"Jul-Dec","Traffic","First Nations people","Road user","Bus occupant",126,"517"
2017,"Jul-Dec","Traffic","First Nations people","Road user","Other or unknown",270,"1141"
2017,"Jul-Dec","Traffic","First Nations people","Road user","Car driver, passenger or unknown position",207,"1181"
2017,"Jul-Dec","Traffic","First Nations people","Road user","Motorcyclist",227,"1293"
2017,"Jul-Dec","Traffic","First Nations people","Road user","Pedal cyclist",27,"223"
2017,"Jul-Dec","Traffic","Non-Indigenous","Road user","Pedestrian",328,"849"
2017,"Jul-Dec","Traffic","Non-Indigenous","Road user","Heavy transport driver, passenger or unknown position",1125,"2880"
2017,"Jul-Dec","Traffic","Non-Indigenous","Road user","Pick-up truck or van occupant",4006,"16883"
2017,"Jul-Dec","Traffic","Non-Indigenous","Road user","Bus occupant",4307,"19845"
2017,"Jul-Dec","Traffic","Non-Indigenous","Road user","Other or unknown",6074,"32875"
2017,"Jul-Dec","Traffic","Non-Indigenous","Road user","Car driver, passenger or unknown position",2585,"26172"
2018,"Jan-Jun","Traffic","First Nations people","Road user","Motorcyclist",25,"60"
2018,"Jan-Jun","Traffic","First Nations people","Road user","Pedal cyclist",130,"323"
2018,"Jan-Jun","Traffic","First Nations people","Road user","Pedestrian",264,"1010"
2018,"Jan-Jun","Traffic","First Nations people","Road user","Heavy transport driver, passenger or unknown position",267,"1618"
2018,"Jan-Jun","Traffic","First Nations people","Road user","Pick-up truck or van occupant",186,"1004"
2018,"Jan-Jun","Traffic","First Nations people","Road user","Bus occupant",22,"210"
2018,"Jan-Jun","Traffic","Non-Indigenous","Road user","Other or unknown",334,"1116"
2018,"Jan-Jun","Traffic","Non-Indigenous","Road user","Car driver, passenger or unknown position",1059,"2847"
2018,"Jan-Jun","Traffic","Non-Indigenous","Road user","Motorcyclist",3794,"14632"
2018,"Jan-Jun","Traffic","Non-Indigenous","Road user","Pedal cyclist",4633,"19062"
2018,"Jan-Jun","Traffic","Non-Indigenous","Road user","Pedestrian",6265,"33193"
2018,"Jan-Jun","Traffic","Non-Indigenous","Road user","Heavy transport driver, passenger or unknown position",2595,"24086"
2018,"Jul-Dec","Traffic","First Nations people","Road user","Pick-up truck or van occupant",45,"243"
2018,"Jul-Dec","Traffic","First Nations people","Road user","Bus occupant",123,"512"
2018,"Jul-Dec","Traffic","First Nations people","Road user","Other or unknown",343,"2073"
2018,"Jul-Dec","Traffic","First Nations people","Road user","Car driver, passenger or unknown position",275,"1720"
2018,"Jul-Dec","Traffic","First Nations people","Road user","Motorcyclist",225,"1232"
2018,"Jul-Dec","Traffic","First Nations people","Road user","Pedal cyclist",25,"162"
2018,"Jul-Dec","Traffic","Non-Indigenous","Road user","Pedestrian",312,"1050"
2018,"Jul-Dec","Traffic","Non-Indigenous","Road user","Heavy transport driver, passenger or unknown position",1085,"2887"
2018,"Jul-Dec","Traffic","Non-Indigenous","Road user","Pick-up truck or van occupant",3828,"16976"
2018,"Jul-Dec","Traffic","Non-Indigenous","Road user","Bus occupant",4467,"17819"
2018,"Jul-Dec","Traffic","Non-Indigenous","Road user","Other or unknown",6116,"33328"
2018,"Jul-Dec","Traffic","Non-Indigenous","Road user","Car driver, passenger or unknown position",2710,"25366"
2019,"Jan-Jun","Traffic","First Nations people","Road user","Motorcyclist",40,"85"
2019,"Jan-Jun","Traffic","First Nations people","Road user","Pedal cyclist",113,"369"
2019,"Jan-Jun","Traffic","First Nations people","Road user","Pedestrian",261,"1245"
2019,"Jan-Jun","Traffic","First Nations people","Road user","Heavy transport driver, passenger or unknown position",264,"1369"
2019,"Jan-Jun","Traffic","First Nations people","Road user","Pick-up truck or van occupant",193,"1108"
2019,"Jan-Jun","Traffic","First Nations people","Road user","Bus occupant",27,"191"
2019,"Jan-Jun","Traffic","Non-Indigenous","Road user","Other or unknown",311,"1283"
2019,"Jan-Jun","Traffic","Non-Indigenous","Road user","Car driver, passenger or unknown position",1067,"2620"
2019,"Jan-Jun","Traffic","Non-Indigenous","Road user","Motorcyclist",3842,"17090"
2019,"Jan-Jun","Traffic","Non-Indigenous","Road user","Pedal cyclist",4534,"19164"
2019,"Jan-Jun","Traffic","Non-Indigenous","Road user","Pedestrian",6357,"32678"
2019,"Jan-Jun","Traffic","Non-Indigenous","Road user","Heavy transport driver, passenger or unknown position",2678,"22904"
2019,"Jul-Dec","Traffic","First Nations people","Road user","Pick-up truck or van occupant",38,"252"
2019,"Jul-Dec","Traffic","First Nations people","Road user","Bus occupant",135,"443"
2019,"Jul-Dec","Traffic","First Nations people","Road user","Other or unknown",260,"1955"
2019,"Jul-Dec","Traffic","First Nations people","Road user","Car driver, passenger or unknown position",275,"1733"
2019,"Jul-Dec","Traffic","First Nations people","Road user","Motorcyclist",218,"1248"
2019,"Jul-Dec","Traffic","First Nations people","Road user","Pedal cyclist",32,"317"
2019,"Jul-Dec","Traffic","Non-Indigenous","Road user","Pedestrian",305,"846"
2019,"Jul-Dec","Traffic","Non-Indigenous","Road user","Heavy transport driver, passenger or unknown position",1152,"3346"
2019,"Jul-Dec","Traffic","Non-Indigenous","Road user","Pick-up truck or van occupant",3644,"15296"
2019,"Jul-Dec","Traffic","Non-Indigenous","Road user","Bus occupant",4434,"15749"
2019,"Jul-Dec","Traffic","Non-Indigenous","Road user","Other or unknown",6222,"34360"
2019,"Jul-Dec","Traffic","Non-Indigenous","Road user","Car driver, passenger or unknown position",2936,"26534"
2020,"Jan-Jun","Traffic","First Nations people","Road user","Motorcyclist",41,"157"
2020,"Jan-Jun","Traffic","First Nations people","Road user","Pedal cyclist",117,"362"
2020,"Jan-Jun","Traffic","First Nations people","Road user","Pedestrian",300,"1619"
2020,"Jan-Jun","Traffic","First Nations people","Road user","Heavy transport driver, passenger or unknown position",295,"1652"
2020,"Jan-Jun","Traffic","First Nations people","Road user","Pick-up truck or van occupant",209,"1380"
2020,"Jan-Jun","Traffic","First Nations people","Road user","Bus occupant",28,"185"
2020,"Jan-Jun","Traffic","Non-Indigenous","Road user","Other or unknown",309,"921"
2020,"Jan-Jun","Traffic","Non-Indigenous","Road user","Car driver, passenger or unknown position",1134,"2849"
2020,"Jan-Jun","Traffic","Non-Indigenous","Road user","Motorcyclist",3352,"12715"
2020,"Jan-Jun","Traffic","Non-Indigenous","Road user","Pedal cyclist",3911,"15452"
2020,"Jan-Jun","Traffic","Non-Indigenous","Road user","Pedestrian",5550,"28893"
2020,"Jan-Jun","Traffic","Non-Indigenous","Road user","Heavy transport driver, passenger or unknown position",2240,"22400"
2020,"Jul-Dec","Traffic","First Nations people","Road user","Pick-up truck or van occupant",41,"259"
2020,"Jul-Dec","Traffic","First Nations people","Road user","Bus occupant",178,"689"
2020,"Jul-Dec","Traffic","First Nations people","Road user","Other or unknown",405,"1959"
2020,"Jul-Dec","Traffic","First Nations people","Road user","Car driver, passenger or unknown position",364,"2191"
2020,"Jul-Dec","Traffic","First Nations people","Road user","Motorcyclist",287,"1698"
2020,"Jul-Dec","Traffic","First Nations people","Road user","Pedal cyclist",25,"225"
2020,"Jul-Dec","Traffic","Non-Indigenous","Road user","Pedestrian",311,"755"
2020,"Jul-Dec","Traffic","Non-Indigenous","Road user","Heavy transport driver, passenger or unknown position",1344,"3436"
2020,"Jul-Dec","Traffic","Non-Indigenous","Road user","Pick-up truck or van occupant",3831,"13891"
2020,"Jul-Dec","Traffic","Non-Indigenous","Road user","Bus occupant",4494,"16994"
2020,"Jul-Dec","Traffic","Non-Indigenous","Road user","Other or unknown",6124,"29702"
2020,"Jul-Dec","Traffic","Non-Indigenous","Road user","Car driver, passenger or unknown position",2586,"21891"
2021,"Jan-Jun","Traffic","First Nations people","Road user","Motorcyclist",44,"289"
2021,"Jan-Jun","Traffic","First Nations people","Road user","Pedal cyclist",140,"640"
2021,"Jan-Jun","Traffic","First Nations people","Road user","Pedestrian",361,"2003"
2021,"Jan-Jun","Traffic","First Nations people","Road user","Heavy transport driver, passenger or unknown position",286,"1606"
2021,"Jan-Jun","Traffic","First Nations people","Road user","Pick-up truck or van occupant",272,"1804"
2021,"Jan-Jun","Traffic","First Nations people","Road user","Bus occupant",14,"187"
2021,"Jan-Jun","Traffic","Non-Indigenous","Road user","Other or unknown",312,"685"
2021,"Jan-Jun","Traffic","Non-Indigenous","Road user","Car driver, passenger or unknown position",1204,"3779"
2021,"Jan-Jun","Traffic","Non-Indigenous","Road user","Motorcyclist",3776,"15822"
2021,"Jan-Jun","Traffic","Non-Indigenous","Road user","Pedal cyclist",4548,"17570"
2021,"Jan-Jun","Traffic","Non-Indigenous","Road user","Pedestrian",6602,"33374"
2021,"Jan-Jun","Traffic","Non-Indigenous","Road user","Heavy transport driver, passenger or unknown position",2818,"24697"
2021,"Jul-Dec","Traffic","First Nations people","Road user","Pick-up truck or van occupant",42,"111"
2021,"Jul-Dec","Traffic","First Nations people","Road user","Bus occupant",151,"597"
2021,"Jul-Dec","Traffic","First Nations people","Road user","Other or unknown",325,"1519"
2021,"Jul-Dec","Traffic","First Nations people","Road user","Car driver, passenger or unknown position",311,"2375"
2021,"Jul-Dec","Traffic","First Nations people","Road user","Motorcyclist",243,"2026"
2021,"Jul-Dec","Traffic","First Nations people","Road user","Pedal cyclist",31,"119"
2021,"Jul-Dec","Traffic","Non-Indigenous","Road user","Pedestrian",298,"874"
2021,"Jul-Dec","Traffic","Non-Indigenous","Road user","Heavy transport driver, passenger or unknown position",1329,"3464"
2021,"Jul-Dec","Traffic","Non-Indigenous","Road user","Pick-up truck or van occupant",3449,"13175"
2021,"Jul-Dec","Traffic","Non-Indigenous","Road user","Bus occupant",4141,"17058"
2021,"Jul-Dec","Traffic","Non-Indigenous","Road user","Other or unknown",5735,"28284"
2021,"Jul-Dec","Traffic","Non-Indigenous","Road user","Car driver, passenger or unknown position",2543,"22621"
2011,"Jan-Jun","Traffic","First Nations people","ABS remoteness area","Major Cities",183,"1161"
2011,"Jan-Jun","Traffic","First Nations people","ABS remoteness area","Regional",210,"1317"
2011,"Jan-Jun","Traffic","First Nations people","ABS remoteness area","Remote",156,"1105"
2011,"Jan-Jun","Traffic","Non-Indigenous","ABS remoteness area","Major Cities",10214,"44524"
2011,"Jan-Jun","Traffic","Non-Indigenous","ABS remoteness area","Regional",4791,"24534"
2011,"Jan-Jun","Traffic","Non-Indigenous","ABS remoteness area","Remote",370,"1822"
2011,"Jul-Dec","Traffic","First Nations people","ABS remoteness area","Major Cities",185,"996"
2011,"Jul-Dec","Traffic","First Nations people","ABS remoteness area","Regional",245,"1056"
2011,"Jul-Dec","Traffic","First Nations people","ABS remoteness area","Remote",174,"878"
2011,"Jul-Dec","Traffic","Non-Indigenous","ABS remoteness area","Major Cities",10771,"44760"
2011,"Jul-Dec","Traffic","Non-Indigenous","ABS remoteness area","Regional",4926,"23431"
2011,"Jul-Dec","Traffic","Non-Indigenous","ABS remoteness area","Remote",419,"1913"
2012,"Jan-Jun","Traffic","First Nations people","ABS remoteness area","Major Cities",202,"1059"
2012,"Jan-Jun","Traffic","First Nations people","ABS remoteness area","Regional",239,"1213"
2012,"Jan-Jun","Traffic","First Nations people","ABS remoteness area","Remote",203,"1305"
2012,"Jan-Jun","Traffic","Non-Indigenous","ABS remoteness area","Major Cities",10497,"41747"
2012,"Jan-Jun","Traffic","Non-Indigenous","ABS remoteness area","Regional",4933,"23871"
2012,"Jan-Jun","Traffic","Non-Indigenous","ABS remoteness area","Remote",371,"1665"
2012,"Jul-Dec","Traffic","First Nations people","ABS remoteness area","Major Cities",227,"1170"
2012,"Jul-Dec","Traffic","First Nations people","ABS remoteness area","Regional",306,"1224"
2012,"Jul-Dec","Traffic","First Nations people","ABS remoteness area","Remote",223,"1202"
2012,"Jul-Dec","Traffic","Non-Indigenous","ABS remoteness area","Major Cities",10361,"45401"
2012,"Jul-Dec","Traffic","Non-Indigenous","ABS remoteness area","Regional",4603,"22708"
2012,"Jul-Dec","Traffic","Non-Indigenous","ABS remoteness area","Remote",431,"2159"
2013,"Jan-Jun","Traffic","First Nations people","ABS remoteness area","Major Cities",204,"1172"
2013,"Jan-Jun","Traffic","First Nations people","ABS remoteness area","Regional",263,"1309"
2013,"Jan-Jun","Traffic","First Nations people","ABS remoteness area","Remote",209,"1169"
2013,"Jan-Jun","Traffic","Non-Indigenous","ABS remoteness area","Major Cities",10909,"42680"
2013,"Jan-Jun","Traffic","Non-Indigenous","ABS remoteness area","Regional",4425,"20743"
2013,"Jan-Jun","Traffic","Non-Indigenous","ABS remoteness area","Remote",372,"1591"
2013,"Jul-Dec","Traffic","First Nations people","ABS remoteness area","Major Cities",242,"941"
2013,"Jul-Dec","Traffic","First Nations people","ABS remoteness area","Regional",277,"1491"
2013,"Jul-Dec","Traffic","First Nations people","ABS remoteness area","Remote",211,"1462"
2013,"Jul-Dec","Traffic","Non-Indigenous","ABS remoteness area","Major Cities",11315,"43040"
2013,"Jul-Dec","Traffic","Non-Indigenous","ABS remoteness area","Regional",4793,"21628"
2013,"Jul-Dec","Traffic","Non-Indigenous","ABS remoteness area","Remote",393,"1658"
2014,"Jan-Jun","Traffic","First Nations people","ABS remoteness area","Major Cities",230,"1150"
2014,"Jan-Jun","Traffic","First Nations people","ABS remoteness area","Regional",309,"1411"
2014,"Jan-Jun","Traffic","First Nations people","ABS remoteness area","Remote",183,"1052"
2014,"Jan-Jun","Traffic","Non-Indigenous","ABS remoteness area","Major Cities",11251,"41792"
2014,"Jan-Jun","Traffic","Non-Indigenous","ABS remoteness area","Regional",4594,"20775"
2014,"Jan-Jun","Traffic","Non-Indigenous","ABS remoteness area","Remote",366,"1891"
2014,"Jul-Dec","Traffic","First Nations people","ABS remoteness area","Major Cities",256,"1159"
2014,"Jul-Dec","Traffic","First Nations people","ABS remoteness area","Regional",256,"1445"
2014,"Jul-Dec","Traffic","First Nations people","ABS remoteness area","Remote",209,"1355"
2014,"Jul-Dec","Traffic","Non-Indigenous","ABS remoteness area","Major Cities",11321,"41091"
2014,"Jul-Dec","Traffic","Non-Indigenous","ABS remoteness area","Regional",4764,"21247"
2014,"Jul-Dec","Traffic","Non-Indigenous","ABS remoteness area","Remote",371,"1752"
2015,"Jan-Jun","Traffic","First Nations people","ABS remoteness area","Major Cities",238,"904"
2015,"Jan-Jun","Traffic","First Nations people","ABS remoteness area","Regional",291,"898"
2015,"Jan-Jun","Traffic","First Nations people","ABS remoteness area","Remote",208,"1173"
2015,"Jan-Jun","Traffic","Non-Indigenous","ABS remoteness area","Major Cities",11713,"41282"
2015,"Jan-Jun","Traffic","Non-Indigenous","ABS remoteness area","Regional",4812,"20455"
2015,"Jan-Jun","Traffic","Non-Indigenous","ABS remoteness area","Remote",358,"1583"
2015,"Jul-Dec","Traffic","First Nations people","ABS remoteness area","Major Cities",270,"982"
2015,"Jul-Dec","Traffic","First Nations people","ABS remoteness area","Regional",322,"1829"
2015,"Jul-Dec","Traffic","First Nations people","ABS remoteness area","Remote",253,"1661"
2015,"Jul-Dec","Traffic","Non-Indigenous","ABS remoteness area","Major Cities",11884,"68361"
2015,"Jul-Dec","Traffic","Non-Indigenous","ABS remoteness area","Regional",4872,"32528"
2015,"Jul-Dec","Traffic","Non-Indigenous","ABS remoteness area","Remote",336,"1945"
2016,"Jan-Jun","Traffic","First Nations people","ABS remoteness area","Major Cities",257,"999"
2016,"Jan-Jun","Traffic","First Nations people","ABS remoteness area","Regional",327,"1923"
2016,"Jan-Jun","Traffic","First Nations people","ABS remoteness area","Remote",210,"1209"
2016,"Jan-Jun","Traffic","Non-Indigenous","ABS remoteness area","Major Cities",12724,"67750"
2016,"Jan-Jun","Traffic","Non-Indigenous","ABS remoteness area","Regional",4904,"29741"
2016,"Jan-Jun","Traffic","Non-Indigenous","ABS remoteness area","Remote",335,"1697"
2016,"Jul-Dec","Traffic","First Nations people","ABS remoteness area","Major Cities",294,"1560"
2016,"Jul-Dec","Traffic","First Nations people","ABS remoteness area","Regional",321,"1492"
2016,"Jul-Dec","Traffic","First Nations people","ABS remoteness area","Remote",244,"1694"
2016,"Jul-Dec","Traffic","Non-Indigenous","ABS remoteness area","Major Cities",12666,"66920"
2016,"Jul-Dec","Traffic","Non-Indigenous","ABS remoteness area","Regional",4942,"32243"
2016,"Jul-Dec","Traffic","Non-Indigenous","ABS remoteness area","Remote",343,"1772"
2017,"Jan-Jun","Traffic","First Nations people","ABS remoteness area","Major Cities",302,"1280"
2017,"Jan-Jun","Traffic","First Nations people","ABS remoteness area","Regional",345,"1636"
2017,"Jan-Jun","Traffic","First Nations people","ABS remoteness area","Remote",174,"1267"
2017,"Jan-Jun","Traffic","Non-Indigenous","ABS remoteness area","Major Cities",12805,"63829"
2017,"Jan-Jun","Traffic","Non-Indigenous","ABS remoteness area","Regional",5036,"30468"
2017,"Jan-Jun","Traffic","Non-Indigenous","ABS remoteness area","Remote",339,"1991"
2017,"Jul-Dec","Traffic","First Nations people","ABS remoteness area","Major Cities",315,"1363"
2017,"Jul-Dec","Traffic","First Nations people","ABS remoteness area","Regional",359,"1565"
2017,"Jul-Dec","Traffic","First Nations people","ABS remoteness area","Remote",219,"1501"
2017,"Jul-Dec","Traffic","Non-Indigenous","ABS remoteness area","Major Cities",12483,"63570"
2017,"Jul-Dec","Traffic","Non-Indigenous","ABS remoteness area","Regional",5127,"32073"
2017,"Jul-Dec","Traffic","Non-Indigenous","ABS remoteness area","Remote",314,"1537"
2018,"Jan-Jun","Traffic","First Nations people","ABS remoteness area","Major Cities",287,"1052"
2018,"Jan-Jun","Traffic","First Nations people","ABS remoteness area","Regional",386,"2031"
2018,"Jan-Jun","Traffic","First Nations people","ABS remoteness area","Remote",210,"1076"
2018,"Jan-Jun","Traffic","Non-Indigenous","ABS remoteness area","Major Cities",12789,"60888"
2018,"Jan-Jun","Traffic","Non-Indigenous","ABS remoteness area","Regional",5059,"30203"
2018,"Jan-Jun","Traffic","Non-Indigenous","ABS remoteness area","Remote",344,"1320"
2018,"Jul-Dec","Traffic","First Nations people","ABS remoteness area","Major Cities",355,"1445"
2018,"Jul-Dec","Traffic","First Nations people","ABS remoteness area","Regional",411,"2340"
2018,"Jul-Dec","Traffic","First Nations people","ABS remoteness area","Remote",256,"2063"
2018,"Jul-Dec","Traffic","Non-Indigenous","ABS remoteness area","Major Cities",12447,"60147"
2018,"Jul-Dec","Traffic","Non-Indigenous","ABS remoteness area","Regional",5219,"33299"
2018,"Jul-Dec","Traffic","Non-Indigenous","ABS remoteness area","Remote",376,"1443"
2019,"Jan-Jun","Traffic","First Nations people","ABS remoteness area","Major Cities",357,"1945"
2019,"Jan-Jun","Traffic","First Nations people","ABS remoteness area","Regional",327,"1452"
2019,"Jan-Jun","Traffic","First Nations people","ABS remoteness area","Remote",195,"913"
2019,"Jan-Jun","Traffic","Non-Indigenous","ABS remoteness area","Major Cities",12904,"62332"
2019,"Jan-Jun","Traffic","Non-Indigenous","ABS remoteness area","Regional",5038,"29554"
2019,"Jan-Jun","Traffic","Non-Indigenous","ABS remoteness area","Remote",309,"1387"
2019,"Jul-Dec","Traffic","First Nations people","ABS remoteness area","Major Cities",351,"2419"
2019,"Jul-Dec","Traffic","First Nations people","ABS remoteness area","Regional",342,"1777"
2019,"Jul-Dec","Traffic","First Nations people","ABS remoteness area","Remote",252,"1654"
2019,"Jul-Dec","Traffic","Non-Indigenous","ABS remoteness area","Major Cities",12598,"61781"
2019,"Jul-Dec","Traffic","Non-Indigenous","ABS remoteness area","Regional",5194,"30109"
2019,"Jul-Dec","Traffic","Non-Indigenous","ABS remoteness area","Remote",329,"1598"
2020,"Jan-Jun","Traffic","First Nations people","ABS remoteness area","Major Cities",377,"1642"
2020,"Jan-Jun","Traffic","First Nations people","ABS remoteness area","Regional",407,"2411"
2020,"Jan-Jun","Traffic","First Nations people","ABS remoteness area","Remote",191,"1206"
2020,"Jan-Jun","Traffic","Non-Indigenous","ABS remoteness area","Major Cities",11156,"53928"
2020,"Jan-Jun","Traffic","Non-Indigenous","ABS remoteness area","Regional",4604,"26060"
2020,"Jan-Jun","Traffic","Non-Indigenous","ABS remoteness area","Remote",295,"1294"
2020,"Jul-Dec","Traffic","First Nations people","ABS remoteness area","Major Cities",433,"2365"
2020,"Jul-Dec","Traffic","First Nations people","ABS remoteness area","Regional",539,"3004"
2020,"Jul-Dec","Traffic","First Nations people","ABS remoteness area","Remote",313,"1512"
2020,"Jul-Dec","Traffic","Non-Indigenous","ABS remoteness area","Major Cities",12667,"55290"
2020,"Jul-Dec","Traffic","Non-Indigenous","ABS remoteness area","Regional",5332,"28858"
2020,"Jul-Dec","Traffic","Non-Indigenous","ABS remoteness area","Remote",365,"1534"
2021,"Jan-Jun","Traffic","First Nations people","ABS remoteness area","Major Cities",407,"2550"
2021,"Jan-Jun","Traffic","First Nations people","ABS remoteness area","Regional",430,"2508"
2021,"Jan-Jun","Traffic","First Nations people","ABS remoteness area","Remote",255,"1392"
2021,"Jan-Jun","Traffic","Non-Indigenous","ABS remoteness area","Major Cities",13371,"60464"
2021,"Jan-Jun","Traffic","Non-Indigenous","ABS remoteness area","Regional",5262,"32316"
2021,"Jan-Jun","Traffic","Non-Indigenous","ABS remoteness area","Remote",313,"1618"
2021,"Jul-Dec","Traffic","First Nations people","ABS remoteness area","Major Cities",388,"2578"
2021,"Jul-Dec","Traffic","First Nations people","ABS remoteness area","Regional",455,"2757"
2021,"Jul-Dec","Traffic","First Nations people","ABS remoteness area","Remote",248,"1334"
2021,"Jul-Dec","Traffic","Non-Indigenous","ABS remoteness area","Major Cities",11883,"54675"
2021,"Jul-Dec","Traffic","Non-Indigenous","ABS remoteness area","Regional",5070,"26869"
2021,"Jul-Dec","Traffic","Non-Indigenous","ABS remoteness area","Remote",287,"2166"
2011,"Jan-Jun","Traffic","First Nations people","Counterparty","Car, pick-up truck or van",208,"1508"
2011,"Jan-Jun","Traffic","First Nations people","Counterparty","Fixed or stationary object",83,"609"
2011,"Jan-Jun","Traffic","First Nations people","Counterparty","Non-collision transport accident",177,"1031"
2011,"Jan-Jun","Traffic","First Nations people","Counterparty","Other",91,"471"
2011,"Jan-Jun","Traffic","Non-Indigenous","Counterparty","Car, pick-up truck or van",6525,"32057"
2011,"Jan-Jun","Traffic","Non-Indigenous","Counterparty","Fixed or stationary object",2267,"13313"
2011,"Jan-Jun","Traffic","Non-Indigenous","Counterparty","Non-collision transport accident",3900,"14041"
2011,"Jan-Jun","Traffic","Non-Indigenous","Counterparty","Other",2952,"13116"
2011,"Jul-Dec","Traffic","First Nations people","Counterparty","Car, pick-up truck or van",183,"1028"
2011,"Jul-Dec","Traffic","First Nations people","Counterparty","Fixed or stationary object",109,"696"
2011,"Jul-Dec","Traffic","First Nations people","Counterparty","Non-collision transport accident",185,"633"
2011,"Jul-Dec","Traffic","First Nations people","Counterparty","Other",131,"583"
2011,"Jul-Dec","Traffic","Non-Indigenous","Counterparty","Car, pick-up truck or van",6768,"31636"
2011,"Jul-Dec","Traffic","Non-Indigenous","Counterparty","Fixed or stationary object",2334,"12502"
2011,"Jul-Dec","Traffic","Non-Indigenous","Counterparty","Non-collision transport accident",4159,"14600"
2011,"Jul-Dec","Traffic","Non-Indigenous","Counterparty","Other",3092,"12681"
2012,"Jan-Jun","Traffic","First Nations people","Counterparty","Car, pick-up truck or van",224,"1553"
2012,"Jan-Jun","Traffic","First Nations people","Counterparty","Fixed or stationary object",91,"391"
2012,"Jan-Jun","Traffic","First Nations people","Counterparty","Non-collision transport accident",237,"1210"
2012,"Jan-Jun","Traffic","First Nations people","Counterparty","Other",96,"444"
2012,"Jan-Jun","Traffic","Non-Indigenous","Counterparty","Car, pick-up truck or van",6700,"29791"
2012,"Jan-Jun","Traffic","Non-Indigenous","Counterparty","Fixed or stationary object",2281,"12185"
2012,"Jan-Jun","Traffic","Non-Indigenous","Counterparty","Non-collision transport accident",4066,"15149"
2012,"Jan-Jun","Traffic","Non-Indigenous","Counterparty","Other",3050,"11797"
2012,"Jul-Dec","Traffic","First Nations people","Counterparty","Car, pick-up truck or van",252,"1307"
2012,"Jul-Dec","Traffic","First Nations people","Counterparty","Fixed or stationary object",135,"801"
2012,"Jul-Dec","Traffic","First Nations people","Counterparty","Non-collision transport accident",229,"1024"
2012,"Jul-Dec","Traffic","First Nations people","Counterparty","Other",140,"492"
2012,"Jul-Dec","Traffic","Non-Indigenous","Counterparty","Car, pick-up truck or van",6310,"31311"
2012,"Jul-Dec","Traffic","Non-Indigenous","Counterparty","Fixed or stationary object",2268,"11931"
2012,"Jul-Dec","Traffic","Non-Indigenous","Counterparty","Non-collision transport accident",4064,"15074"
2012,"Jul-Dec","Traffic","Non-Indigenous","Counterparty","Other",3051,"13368"
2013,"Jan-Jun","Traffic","First Nations people","Counterparty","Car, pick-up truck or van",192,"1229"
2013,"Jan-Jun","Traffic","First Nations people","Counterparty","Fixed or stationary object",129,"513"
2013,"Jan-Jun","Traffic","First Nations people","Counterparty","Non-collision transport accident",253,"1047"
2013,"Jan-Jun","Traffic","First Nations people","Counterparty","Other",109,"874"
2013,"Jan-Jun","Traffic","Non-Indigenous","Counterparty","Car, pick-up truck or van",6453,"27876"
2013,"Jan-Jun","Traffic","Non-Indigenous","Counterparty","Fixed or stationary object",2241,"12149"
2013,"Jan-Jun","Traffic","Non-Indigenous","Counterparty","Non-collision transport accident",4298,"14614"
2013,"Jan-Jun","Traffic","Non-Indigenous","Counterparty","Other",3025,"11790"
2013,"Jul-Dec","Traffic","First Nations people","Counterparty","Car, pick-up truck or van",238,"1367"
2013,"Jul-Dec","Traffic","First Nations people","Counterparty","Fixed or stationary object",126,"655"
2013,"Jul-Dec","Traffic","First Nations people","Counterparty","Non-collision transport accident",250,"1380"
2013,"Jul-Dec","Traffic","First Nations people","Counterparty","Other",117,"507"
2013,"Jul-Dec","Traffic","Non-Indigenous","Counterparty","Car, pick-up truck or van",6823,"28963"
2013,"Jul-Dec","Traffic","Non-Indigenous","Counterparty","Fixed or stationary object",2343,"11475"
2013,"Jul-Dec","Traffic","Non-Indigenous","Counterparty","Non-collision transport accident",4431,"15138"
2013,"Jul-Dec","Traffic","Non-Indigenous","Counterparty","Other",3225,"12472"
2014,"Jan-Jun","Traffic","First Nations people","Counterparty","Car, pick-up truck or van",220,"1153"
2014,"Jan-Jun","Traffic","First Nations people","Counterparty","Fixed or stationary object",143,"688"
2014,"Jan-Jun","Traffic","First Nations people","Counterparty","Non-collision transport accident",235,"1152"
2014,"Jan-Jun","Traffic","First Nations people","Counterparty","Other",130,"769"
2014,"Jan-Jun","Traffic","Non-Indigenous","Counterparty","Car, pick-up truck or van",6664,"27836"
2014,"Jan-Jun","Traffic","Non-Indigenous","Counterparty","Fixed or stationary object",2331,"11538"
2014,"Jan-Jun","Traffic","Non-Indigenous","Counterparty","Non-collision transport accident",4464,"16126"
2014,"Jan-Jun","Traffic","Non-Indigenous","Counterparty","Other",3119,"11017"
2014,"Jul-Dec","Traffic","First Nations people","Counterparty","Car, pick-up truck or van",241,"1520"
2014,"Jul-Dec","Traffic","First Nations people","Counterparty","Fixed or stationary object",128,"580"
2014,"Jul-Dec","Traffic","First Nations people","Counterparty","Non-collision transport accident",244,"1272"
2014,"Jul-Dec","Traffic","First Nations people","Counterparty","Other",115,"618"
2014,"Jul-Dec","Traffic","Non-Indigenous","Counterparty","Car, pick-up truck or van",6879,"27906"
2014,"Jul-Dec","Traffic","Non-Indigenous","Counterparty","Fixed or stationary object",2337,"11052"
2014,"Jul-Dec","Traffic","Non-Indigenous","Counterparty","Non-collision transport accident",4493,"15260"
2014,"Jul-Dec","Traffic","Non-Indigenous","Counterparty","Other",3074,"11202"
2015,"Jan-Jun","Traffic","First Nations people","Counterparty","Car, pick-up truck or van",234,"1020"
2015,"Jan-Jun","Traffic","First Nations people","Counterparty","Fixed or stationary object",125,"505"
2015,"Jan-Jun","Traffic","First Nations people","Counterparty","Non-collision transport accident",268,"1195"
2015,"Jan-Jun","Traffic","First Nations people","Counterparty","Other",119,"367"
2015,"Jan-Jun","Traffic","Non-Indigenous","Counterparty","Car, pick-up truck or van",7118,"26309"
2015,"Jan-Jun","Traffic","Non-Indigenous","Counterparty","Fixed or stationary object",2494,"12297"
2015,"Jan-Jun","Traffic","Non-Indigenous","Counterparty","Non-collision transport accident",4594,"14938"
2015,"Jan-Jun","Traffic","Non-Indigenous","Counterparty","Other",3087,"11800"
2015,"Jul-Dec","Traffic","First Nations people","Counterparty","Car, pick-up truck or van",263,"1407"
2015,"Jul-Dec","Traffic","First Nations people","Counterparty","Fixed or stationary object",150,"972"
2015,"Jul-Dec","Traffic","First Nations people","Counterparty","Non-collision transport accident",305,"1342"
2015,"Jul-Dec","Traffic","First Nations people","Counterparty","Other",136,"796"
2015,"Jul-Dec","Traffic","Non-Indigenous","Counterparty","Car, pick-up truck or van",7420,"45824"
2015,"Jul-Dec","Traffic","Non-Indigenous","Counterparty","Fixed or stationary object",2426,"21107"
2015,"Jul-Dec","Traffic","Non-Indigenous","Counterparty","Non-collision transport accident",4531,"19147"
2015,"Jul-Dec","Traffic","Non-Indigenous","Counterparty","Other",3103,"18785"
2016,"Jan-Jun","Traffic","First Nations people","Counterparty","Car, pick-up truck or van",272,"1679"
2016,"Jan-Jun","Traffic","First Nations people","Counterparty","Fixed or stationary object",161,"1178"
2016,"Jan-Jun","Traffic","First Nations people","Counterparty","Non-collision transport accident",237,"824"
2016,"Jan-Jun","Traffic","First Nations people","Counterparty","Other",139,"539"
2016,"Jan-Jun","Traffic","Non-Indigenous","Counterparty","Car, pick-up truck or van",7754,"43443"
2016,"Jan-Jun","Traffic","Non-Indigenous","Counterparty","Fixed or stationary object",2578,"18880"
2016,"Jan-Jun","Traffic","Non-Indigenous","Counterparty","Non-collision transport accident",4696,"21184"
2016,"Jan-Jun","Traffic","Non-Indigenous","Counterparty","Other",3335,"18030"
2016,"Jul-Dec","Traffic","First Nations people","Counterparty","Car, pick-up truck or van",268,"2179"
2016,"Jul-Dec","Traffic","First Nations people","Counterparty","Fixed or stationary object",143,"824"
2016,"Jul-Dec","Traffic","First Nations people","Counterparty","Non-collision transport accident",317,"1331"
2016,"Jul-Dec","Traffic","First Nations people","Counterparty","Other",132,"418"
2016,"Jul-Dec","Traffic","Non-Indigenous","Counterparty","Car, pick-up truck or van",8005,"48256"
2016,"Jul-Dec","Traffic","Non-Indigenous","Counterparty","Fixed or stationary object",2634,"19369"
2016,"Jul-Dec","Traffic","Non-Indigenous","Counterparty","Non-collision transport accident",4508,"17025"
2016,"Jul-Dec","Traffic","Non-Indigenous","Counterparty","Other",3174,"18906"
2017,"Jan-Jun","Traffic","First Nations people","Counterparty","Car, pick-up truck or van",299,"2003"
2017,"Jan-Jun","Traffic","First Nations people","Counterparty","Fixed or stationary object",157,"769"
2017,"Jan-Jun","Traffic","First Nations people","Counterparty","Non-collision transport accident",247,"1137"
2017,"Jan-Jun","Traffic","First Nations people","Counterparty","Other",129,"382"
2017,"Jan-Jun","Traffic","Non-Indigenous","Counterparty","Car, pick-up truck or van",8157,"44248"
2017,"Jan-Jun","Traffic","Non-Indigenous","Counterparty","Fixed or stationary object",2440,"18256"
2017,"Jan-Jun","Traffic","Non-Indigenous","Counterparty","Non-collision transport accident",4707,"19241"
2017,"Jan-Jun","Traffic","Non-Indigenous","Counterparty","Other",3301,"16805"
2017,"Jul-Dec","Traffic","First Nations people","Counterparty","Car, pick-up truck or van",296,"1757"
2017,"Jul-Dec","Traffic","First Nations people","Counterparty","Fixed or stationary object",146,"906"
2017,"Jul-Dec","Traffic","First Nations people","Counterparty","Non-collision transport accident",320,"1207"
2017,"Jul-Dec","Traffic","First Nations people","Counterparty","Other",139,"637"
2017,"Jul-Dec","Traffic","Non-Indigenous","Counterparty","Car, pick-up truck or van",7987,"47099"
2017,"Jul-Dec","Traffic","Non-Indigenous","Counterparty","Fixed or stationary object",2612,"17472"
2017,"Jul-Dec","Traffic","Non-Indigenous","Counterparty","Non-collision transport accident",4671,"18466"
2017,"Jul-Dec","Traffic","Non-Indigenous","Counterparty","Other",3155,"16467"
2018,"Jan-Jun","Traffic","First Nations people","Counterparty","Car, pick-up truck or van",281,"1283"
2018,"Jan-Jun","Traffic","First Nations people","Counterparty","Fixed or stationary object",167,"1013"
2018,"Jan-Jun","Traffic","First Nations people","Counterparty","Non-collision transport accident",322,"1265"
2018,"Jan-Jun","Traffic","First Nations people","Counterparty","Other",124,"664"
2018,"Jan-Jun","Traffic","Non-Indigenous","Counterparty","Car, pick-up truck or van",8038,"40677"
2018,"Jan-Jun","Traffic","Non-Indigenous","Counterparty","Fixed or stationary object",2496,"18240"
2018,"Jan-Jun","Traffic","Non-Indigenous","Counterparty","Non-collision transport accident",4888,"19673"
2018,"Jan-Jun","Traffic","Non-Indigenous","Counterparty","Other",3258,"16346"
2018,"Jul-Dec","Traffic","First Nations people","Counterparty","Car, pick-up truck or van",327,"1577"
2018,"Jul-Dec","Traffic","First Nations people","Counterparty","Fixed or stationary object",178,"1022"
2018,"Jul-Dec","Traffic","First Nations people","Counterparty","Non-collision transport accident",389,"2286"
2018,"Jul-Dec","Traffic","First Nations people","Counterparty","Other",142,"1057"
2018,"Jul-Dec","Traffic","Non-Indigenous","Counterparty","Car, pick-up truck or van",7980,"41614"
2018,"Jul-Dec","Traffic","Non-Indigenous","Counterparty","Fixed or stationary object",2653,"17389"
2018,"Jul-Dec","Traffic","Non-Indigenous","Counterparty","Non-collision transport accident",4650,"19315"
2018,"Jul-Dec","Traffic","Non-Indigenous","Counterparty","Other",3235,"19108"
2019,"Jan-Jun","Traffic","First Nations people","Counterparty","Car, pick-up truck or van",295,"1713"
2019,"Jan-Jun","Traffic","First Nations people","Counterparty","Fixed or stationary object",166,"735"
2019,"Jan-Jun","Traffic","First Nations people","Counterparty","Non-collision transport accident",286,"1149"
2019,"Jan-Jun","Traffic","First Nations people","Counterparty","Other",151,"770"
2019,"Jan-Jun","Traffic","Non-Indigenous","Counterparty","Car, pick-up truck or van",8093,"42214"
2019,"Jan-Jun","Traffic","Non-Indigenous","Counterparty","Fixed or stationary object",2628,"17991"
2019,"Jan-Jun","Traffic","Non-Indigenous","Counterparty","Non-collision transport accident",4722,"17401"
2019,"Jan-Jun","Traffic","Non-Indigenous","Counterparty","Other",3346,"18133"
2019,"Jul-Dec","Traffic","First Nations people","Counterparty","Car, pick-up truck or van",333,"2363"
2019,"Jul-Dec","Traffic","First Nations people","Counterparty","Fixed or stationary object",172,"757"
2019,"Jul-Dec","Traffic","First Nations people","Counterparty","Non-collision transport accident",316,"1789"
2019,"Jul-Dec","Traffic","First Nations people","Counterparty","Other",137,"1039"
2019,"Jul-Dec","Traffic","Non-Indigenous","Counterparty","Car, pick-up truck or van",8190,"42391"
2019,"Jul-Dec","Traffic","Non-Indigenous","Counterparty","Fixed or stationary object",2473,"18278"
2019,"Jul-Dec","Traffic","Non-Indigenous","Counterparty","Non-collision transport accident",4608,"16812"
2019,"Jul-Dec","Traffic","Non-Indigenous","Counterparty","Other",3422,"18650"
2020,"Jan-Jun","Traffic","First Nations people","Counterparty","Car, pick-up truck or van",302,"1808"
2020,"Jan-Jun","Traffic","First Nations people","Counterparty","Fixed or stationary object",208,"991"
2020,"Jan-Jun","Traffic","First Nations people","Counterparty","Non-collision transport accident",319,"1856"
2020,"Jan-Jun","Traffic","First Nations people","Counterparty","Other",161,"700"
2020,"Jan-Jun","Traffic","Non-Indigenous","Counterparty","Car, pick-up truck or van",6383,"34149"
2020,"Jan-Jun","Traffic","Non-Indigenous","Counterparty","Fixed or stationary object",2377,"15424"
2020,"Jan-Jun","Traffic","Non-Indigenous","Counterparty","Non-collision transport accident",4680,"17616"
2020,"Jan-Jun","Traffic","Non-Indigenous","Counterparty","Other",3056,"16041"
2020,"Jul-Dec","Traffic","First Nations people","Counterparty","Car, pick-up truck or van",431,"2228"
2020,"Jul-Dec","Traffic","First Nations people","Counterparty","Fixed or stationary object",259,"1470"
2020,"Jul-Dec","Traffic","First Nations people","Counterparty","Non-collision transport accident",413,"2004"
2020,"Jul-Dec","Traffic","First Nations people","Counterparty","Other",197,"1319"
2020,"Jul-Dec","Traffic","Non-Indigenous","Counterparty","Car, pick-up truck or van",7386,"36447"
2020,"Jul-Dec","Traffic","Non-Indigenous","Counterparty","Fixed or stationary object",2733,"18138"
2020,"Jul-Dec","Traffic","Non-Indigenous","Counterparty","Non-collision transport accident",5367,"17404"
2020,"Jul-Dec","Traffic","Non-Indigenous","Counterparty","Other",3204,"14680"
2021,"Jan-Jun","Traffic","First Nations people","Counterparty","Car, pick-up truck or van",387,"2816"
2021,"Jan-Jun","Traffic","First Nations people","Counterparty","Fixed or stationary object",180,"1031"
2021,"Jan-Jun","Traffic","First Nations people","Counterparty","Non-collision transport accident",378,"1765"
2021,"Jan-Jun","Traffic","First Nations people","Counterparty","Other",172,"917"
2021,"Jan-Jun","Traffic","Non-Indigenous","Counterparty","Car, pick-up truck or van",8234,"41836"
2021,"Jan-Jun","Traffic","Non-Indigenous","Counterparty","Fixed or stationary object",2661,"17472"
2021,"Jan-Jun","Traffic","Non-Indigenous","Counterparty","Non-collision transport accident",5052,"19131"
2021,"Jan-Jun","Traffic","Non-Indigenous","Counterparty","Other",3313,"17488"
2021,"Jul-Dec","Traffic","First Nations people","Counterparty","Car, pick-up truck or van",359,"2676"
2021,"Jul-Dec","Traffic","First Nations people","Counterparty","Fixed or stationary object",189,"1593"
2021,"Jul-Dec","Traffic","First Nations people","Counterparty","Non-collision transport accident",364,"1365"
2021,"Jul-Dec","Traffic","First Nations people","Counterparty","Other",191,"1113"
2021,"Jul-Dec","Traffic","Non-Indigenous","Counterparty","Car, pick-up truck or van",7018,"35713"
2021,"Jul-Dec","Traffic","Non-Indigenous","Counterparty","Fixed or stationary object",2489,"14823"
2021,"Jul-Dec","Traffic","Non-Indigenous","Counterparty","Non-collision transport accident",4814,"18736"
2021,"Jul-Dec","Traffic","Non-Indigenous","Counterparty","Other",3174,"16204"
